<?xml version="1.0" encoding="UTF-8"?>
<!DOCTYPE plist PUBLIC "-//Apple//DTD PLIST 1.0//EN" "http://www.apple.com/DTDs/PropertyList-1.0.dtd">
<plist version="1.0">
<dict>
	<key>files</key>
	<dict>
		<key>Headers/Voip-Swift.h</key>
		<data>
		yrO7Gd41n3VUBMwHtVBeQazRVnI=
		</data>
		<key>Headers/Voip.h</key>
		<data>
		jAqCOphL2ni1oDirNL3ufyuuxwk=
		</data>
		<key>Info.plist</key>
		<data>
		6vhOYbG42il0ZKI1MxM1b52gP2w=
		</data>
		<key>Modules/Voip.swiftmodule/Project/arm64-apple-ios-simulator.swiftsourceinfo</key>
		<data>
		BdJSLy3CF71B8lN4Mq+IvvW87fU=
		</data>
		<key>Modules/Voip.swiftmodule/arm64-apple-ios-simulator.abi.json</key>
		<data>
		gcwBsH4BgyFY4sVtNt+/xOKS3vY=
		</data>
		<key>Modules/Voip.swiftmodule/arm64-apple-ios-simulator.swiftdoc</key>
		<data>
		Uv+uaOPtTpQpn9YY5LnCI9kw1mg=
		</data>
		<key>Modules/Voip.swiftmodule/arm64-apple-ios-simulator.swiftmodule</key>
		<data>
		VBpDlh2evedMpa33IzsZX6VQTCE=
		</data>
		<key>Modules/module.modulemap</key>
		<data>
		DXHQBP81C/CNRut+RGVuy+6FtlM=
		</data>
	</dict>
	<key>files2</key>
	<dict>
		<key>Headers/Voip-Swift.h</key>
		<dict>
			<key>hash2</key>
			<data>
			+iG3BQ2Ne/2T1Z8Y8Rtg21WcEbwS+foZzUigZ8UzjQY=
			</data>
		</dict>
		<key>Headers/Voip.h</key>
		<dict>
			<key>hash2</key>
			<data>
			ITTnK8dEFHtfI0pFdvulyM0EnHVUtp5kcNxylEW1Hf0=
			</data>
		</dict>
		<key>Modules/Voip.swiftmodule/Project/arm64-apple-ios-simulator.swiftsourceinfo</key>
		<dict>
			<key>hash2</key>
			<data>
			hY63rGbM3hSDYjVYgYRIKNTyMPv3/W+rGDycn3y6zRo=
			</data>
		</dict>
		<key>Modules/Voip.swiftmodule/arm64-apple-ios-simulator.abi.json</key>
		<dict>
			<key>hash2</key>
			<data>
			Qnesa0n4URGWAopawg9bGx36dUwkYV00BoCJ8LFzlyg=
			</data>
		</dict>
		<key>Modules/Voip.swiftmodule/arm64-apple-ios-simulator.swiftdoc</key>
		<dict>
			<key>hash2</key>
			<data>
			tbUdgS10CwmA8GYUs6fGmhExYfV37sUMZwfO0OoeR/M=
			</data>
		</dict>
		<key>Modules/Voip.swiftmodule/arm64-apple-ios-simulator.swiftmodule</key>
		<dict>
			<key>hash2</key>
			<data>
			k2EzIqN0OT5oScVX15qWg/bst3A2wOorORnEJqj2byc=
			</data>
		</dict>
		<key>Modules/module.modulemap</key>
		<dict>
			<key>hash2</key>
			<data>
			3Mrblu0ydIN2ZumEU2z56S3cFR/cuEUKiirtoYGZdRw=
			</data>
		</dict>
	</dict>
	<key>rules</key>
	<dict>
		<key>^.*</key>
		<true/>
		<key>^.*\.lproj/</key>
		<dict>
			<key>optional</key>
			<true/>
			<key>weight</key>
			<real>1000</real>
		</dict>
		<key>^.*\.lproj/locversion.plist$</key>
		<dict>
			<key>omit</key>
			<true/>
			<key>weight</key>
			<real>1100</real>
		</dict>
		<key>^Base\.lproj/</key>
		<dict>
			<key>weight</key>
			<real>1010</real>
		</dict>
		<key>^version.plist$</key>
		<true/>
	</dict>
	<key>rules2</key>
	<dict>
		<key>.*\.dSYM($|/)</key>
		<dict>
			<key>weight</key>
			<real>11</real>
		</dict>
		<key>^(.*/)?\.DS_Store$</key>
		<dict>
			<key>omit</key>
			<true/>
			<key>weight</key>
			<real>2000</real>
		</dict>
		<key>^.*</key>
		<true/>
		<key>^.*\.lproj/</key>
		<dict>
			<key>optional</key>
			<true/>
			<key>weight</key>
			<real>1000</real>
		</dict>
		<key>^.*\.lproj/locversion.plist$</key>
		<dict>
			<key>omit</key>
			<true/>
			<key>weight</key>
			<real>1100</real>
		</dict>
		<key>^Base\.lproj/</key>
		<dict>
			<key>weight</key>
			<real>1010</real>
		</dict>
		<key>^Info\.plist$</key>
		<dict>
			<key>omit</key>
			<true/>
			<key>weight</key>
			<real>20</real>
		</dict>
		<key>^PkgInfo$</key>
		<dict>
			<key>omit</key>
			<true/>
			<key>weight</key>
			<real>20</real>
		</dict>
		<key>^embedded\.provisionprofile$</key>
		<dict>
			<key>weight</key>
			<real>20</real>
		</dict>
		<key>^version\.plist$</key>
		<dict>
			<key>weight</key>
			<real>20</real>
		</dict>
	</dict>
</dict>
</plist>
