<?xml version="1.0" encoding="UTF-8"?>
<!DOCTYPE plist PUBLIC "-//Apple//DTD PLIST 1.0//EN" "http://www.apple.com/DTDs/PropertyList-1.0.dtd">
<plist version="1.0">
<dict>
	<key>files</key>
	<dict>
		<key>Headers/Voip-Swift.h</key>
		<data>
		yrO7Gd41n3VUBMwHtVBeQazRVnI=
		</data>
		<key>Headers/Voip.h</key>
		<data>
		jAqCOphL2ni1oDirNL3ufyuuxwk=
		</data>
		<key>Info.plist</key>
		<data>
		mo9IfGMJSGVLbs5urx/y1Xu7hx0=
		</data>
		<key>Modules/Voip.swiftmodule/arm64-apple-ios.abi.json</key>
		<data>
		2+qr/fVmhcVCRt/6mtOJM3vcwdU=
		</data>
		<key>Modules/Voip.swiftmodule/arm64-apple-ios.private.swiftinterface</key>
		<data>
		zEpej6qxR8wgPY9WuWRgrMfjHok=
		</data>
		<key>Modules/Voip.swiftmodule/arm64-apple-ios.swiftdoc</key>
		<data>
		cl9qnKYD8jGl0o9MOk09ft1JPfE=
		</data>
		<key>Modules/Voip.swiftmodule/arm64-apple-ios.swiftinterface</key>
		<data>
		zEpej6qxR8wgPY9WuWRgrMfjHok=
		</data>
		<key>Modules/Voip.swiftmodule/arm64-apple-ios.swiftmodule</key>
		<data>
		y735yMoNJYFb7umdaWMXkFCWWTo=
		</data>
		<key>Modules/module.modulemap</key>
		<data>
		DXHQBP81C/CNRut+RGVuy+6FtlM=
		</data>
	</dict>
	<key>files2</key>
	<dict>
		<key>Headers/Voip-Swift.h</key>
		<dict>
			<key>hash2</key>
			<data>
			+iG3BQ2Ne/2T1Z8Y8Rtg21WcEbwS+foZzUigZ8UzjQY=
			</data>
		</dict>
		<key>Headers/Voip.h</key>
		<dict>
			<key>hash2</key>
			<data>
			ITTnK8dEFHtfI0pFdvulyM0EnHVUtp5kcNxylEW1Hf0=
			</data>
		</dict>
		<key>Modules/Voip.swiftmodule/arm64-apple-ios.abi.json</key>
		<dict>
			<key>hash2</key>
			<data>
			tlNckKGfSuNLjT2ThXKkvVSUULOx0XktNmFXepHIeog=
			</data>
		</dict>
		<key>Modules/Voip.swiftmodule/arm64-apple-ios.private.swiftinterface</key>
		<dict>
			<key>hash2</key>
			<data>
			HavHmtDKL86wvxNWsNL+v5/zUlsfYjJwu3Diawe2n7w=
			</data>
		</dict>
		<key>Modules/Voip.swiftmodule/arm64-apple-ios.swiftdoc</key>
		<dict>
			<key>hash2</key>
			<data>
			TXAISgOxOdtHHuBlmdjFruuzkkux0FW8UJyVbnENdyg=
			</data>
		</dict>
		<key>Modules/Voip.swiftmodule/arm64-apple-ios.swiftinterface</key>
		<dict>
			<key>hash2</key>
			<data>
			HavHmtDKL86wvxNWsNL+v5/zUlsfYjJwu3Diawe2n7w=
			</data>
		</dict>
		<key>Modules/Voip.swiftmodule/arm64-apple-ios.swiftmodule</key>
		<dict>
			<key>hash2</key>
			<data>
			aEwXbSSg4o8TdIb+MX7gjVhBaCdYQmQRBm7d9v2wIG0=
			</data>
		</dict>
		<key>Modules/module.modulemap</key>
		<dict>
			<key>hash2</key>
			<data>
			3Mrblu0ydIN2ZumEU2z56S3cFR/cuEUKiirtoYGZdRw=
			</data>
		</dict>
	</dict>
	<key>rules</key>
	<dict>
		<key>^.*</key>
		<true/>
		<key>^.*\.lproj/</key>
		<dict>
			<key>optional</key>
			<true/>
			<key>weight</key>
			<real>1000</real>
		</dict>
		<key>^.*\.lproj/locversion.plist$</key>
		<dict>
			<key>omit</key>
			<true/>
			<key>weight</key>
			<real>1100</real>
		</dict>
		<key>^Base\.lproj/</key>
		<dict>
			<key>weight</key>
			<real>1010</real>
		</dict>
		<key>^version.plist$</key>
		<true/>
	</dict>
	<key>rules2</key>
	<dict>
		<key>.*\.dSYM($|/)</key>
		<dict>
			<key>weight</key>
			<real>11</real>
		</dict>
		<key>^(.*/)?\.DS_Store$</key>
		<dict>
			<key>omit</key>
			<true/>
			<key>weight</key>
			<real>2000</real>
		</dict>
		<key>^.*</key>
		<true/>
		<key>^.*\.lproj/</key>
		<dict>
			<key>optional</key>
			<true/>
			<key>weight</key>
			<real>1000</real>
		</dict>
		<key>^.*\.lproj/locversion.plist$</key>
		<dict>
			<key>omit</key>
			<true/>
			<key>weight</key>
			<real>1100</real>
		</dict>
		<key>^Base\.lproj/</key>
		<dict>
			<key>weight</key>
			<real>1010</real>
		</dict>
		<key>^Info\.plist$</key>
		<dict>
			<key>omit</key>
			<true/>
			<key>weight</key>
			<real>20</real>
		</dict>
		<key>^PkgInfo$</key>
		<dict>
			<key>omit</key>
			<true/>
			<key>weight</key>
			<real>20</real>
		</dict>
		<key>^embedded\.provisionprofile$</key>
		<dict>
			<key>weight</key>
			<real>20</real>
		</dict>
		<key>^version\.plist$</key>
		<dict>
			<key>weight</key>
			<real>20</real>
		</dict>
	</dict>
</dict>
</plist>
