{
  "ABIRoot": {
    "kind": "Root",
    "name": "Voip",
    "printedName": "Voip",
    "children": [
      {
        "kind": "Import",
        "name": "Foundation",
        "printedName": "Foundation",
        "declKind": "Import",
        "moduleName": "Voip"
      },
      {
        "kind": "Import",
        "name": "Network",
        "printedName": "Network",
        "declKind": "Import",
        "moduleName": "Voip"
      },
      {
        "kind": "Import",
        "name": "AVFoundation",
        "printedName": "AVFoundation",
        "declKind": "Import",
        "moduleName": "Voip"
      },
      {
        "kind": "TypeDecl",
        "name": "NetworkClient",
        "printedName": "NetworkClient",
        "children": [
          {
            "kind": "Var",
            "name": "connectionHandler",
            "printedName": "connectionHandler",
            "children": [
              {
                "kind": "TypeNominal",
                "name": "Optional",
                "printedName": "((Foundation.Data) -> ())?",
                "children": [
                  {
                    "kind": "TypeFunc",
                    "name": "Function",
                    "printedName": "(Foundation.Data) -> ()",
                    "children": [
                      {
                        "kind": "TypeNominal",
                        "name": "Void",
                        "printedName": "()"
                      },
                      {
                        "kind": "TypeNominal",
                        "name": "Data",
                        "printedName": "Foundation.Data",
                        "usr": "s:10Foundation4DataV"
                      }
                    ]
                  }
                ],
                "usr": "s:Sq"
              }
            ],
            "declKind": "Var",
            "usr": "c:@M@Voip@objc(cs)NetworkClient(py)connectionHandler",
            "mangledName": "$s4Voip13NetworkClientC17connectionHandlery10Foundation4DataVcSgvp",
            "moduleName": "Voip",
            "declAttributes": [
              "HasInitialValue",
              "HasStorage",
              "AccessControl",
              "ObjC"
            ],
            "hasStorage": true,
            "accessors": [
              {
                "kind": "Accessor",
                "name": "Get",
                "printedName": "Get()",
                "children": [
                  {
                    "kind": "TypeNominal",
                    "name": "Optional",
                    "printedName": "((Foundation.Data) -> ())?",
                    "children": [
                      {
                        "kind": "TypeFunc",
                        "name": "Function",
                        "printedName": "(Foundation.Data) -> ()",
                        "children": [
                          {
                            "kind": "TypeNominal",
                            "name": "Void",
                            "printedName": "()"
                          },
                          {
                            "kind": "TypeNominal",
                            "name": "Data",
                            "printedName": "Foundation.Data",
                            "usr": "s:10Foundation4DataV"
                          }
                        ]
                      }
                    ],
                    "usr": "s:Sq"
                  }
                ],
                "declKind": "Accessor",
                "usr": "c:@M@Voip@objc(cs)NetworkClient(im)connectionHandler",
                "mangledName": "$s4Voip13NetworkClientC17connectionHandlery10Foundation4DataVcSgvg",
                "moduleName": "Voip",
                "implicit": true,
                "declAttributes": [
                  "ObjC"
                ],
                "accessorKind": "get"
              },
              {
                "kind": "Accessor",
                "name": "Set",
                "printedName": "Set()",
                "children": [
                  {
                    "kind": "TypeNominal",
                    "name": "Void",
                    "printedName": "()"
                  },
                  {
                    "kind": "TypeNominal",
                    "name": "Optional",
                    "printedName": "((Foundation.Data) -> ())?",
                    "children": [
                      {
                        "kind": "TypeFunc",
                        "name": "Function",
                        "printedName": "(Foundation.Data) -> ()",
                        "children": [
                          {
                            "kind": "TypeNominal",
                            "name": "Void",
                            "printedName": "()"
                          },
                          {
                            "kind": "TypeNominal",
                            "name": "Data",
                            "printedName": "Foundation.Data",
                            "usr": "s:10Foundation4DataV"
                          }
                        ]
                      }
                    ],
                    "usr": "s:Sq"
                  }
                ],
                "declKind": "Accessor",
                "usr": "c:@M@Voip@objc(cs)NetworkClient(im)setConnectionHandler:",
                "mangledName": "$s4Voip13NetworkClientC17connectionHandlery10Foundation4DataVcSgvs",
                "moduleName": "Voip",
                "implicit": true,
                "declAttributes": [
                  "ObjC"
                ],
                "accessorKind": "set"
              },
              {
                "kind": "Accessor",
                "name": "Modify",
                "printedName": "Modify()",
                "children": [
                  {
                    "kind": "TypeNominal",
                    "name": "Void",
                    "printedName": "()"
                  }
                ],
                "declKind": "Accessor",
                "usr": "s:4Voip13NetworkClientC17connectionHandlery10Foundation4DataVcSgvM",
                "mangledName": "$s4Voip13NetworkClientC17connectionHandlery10Foundation4DataVcSgvM",
                "moduleName": "Voip",
                "implicit": true,
                "accessorKind": "_modify"
              }
            ]
          },
          {
            "kind": "Var",
            "name": "isConnected",
            "printedName": "isConnected",
            "children": [
              {
                "kind": "TypeNominal",
                "name": "Bool",
                "printedName": "Swift.Bool",
                "usr": "s:Sb"
              }
            ],
            "declKind": "Var",
            "usr": "c:@M@Voip@objc(cs)NetworkClient(py)isConnected",
            "mangledName": "$s4Voip13NetworkClientC11isConnectedSbvp",
            "moduleName": "Voip",
            "declAttributes": [
              "HasInitialValue",
              "HasStorage",
              "AccessControl",
              "ObjC"
            ],
            "hasStorage": true,
            "accessors": [
              {
                "kind": "Accessor",
                "name": "Get",
                "printedName": "Get()",
                "children": [
                  {
                    "kind": "TypeNominal",
                    "name": "Bool",
                    "printedName": "Swift.Bool",
                    "usr": "s:Sb"
                  }
                ],
                "declKind": "Accessor",
                "usr": "c:@M@Voip@objc(cs)NetworkClient(im)isConnected",
                "mangledName": "$s4Voip13NetworkClientC11isConnectedSbvg",
                "moduleName": "Voip",
                "implicit": true,
                "declAttributes": [
                  "ObjC"
                ],
                "accessorKind": "get"
              },
              {
                "kind": "Accessor",
                "name": "Set",
                "printedName": "Set()",
                "children": [
                  {
                    "kind": "TypeNominal",
                    "name": "Void",
                    "printedName": "()"
                  },
                  {
                    "kind": "TypeNominal",
                    "name": "Bool",
                    "printedName": "Swift.Bool",
                    "usr": "s:Sb"
                  }
                ],
                "declKind": "Accessor",
                "usr": "c:@M@Voip@objc(cs)NetworkClient(im)setIsConnected:",
                "mangledName": "$s4Voip13NetworkClientC11isConnectedSbvs",
                "moduleName": "Voip",
                "implicit": true,
                "declAttributes": [
                  "ObjC"
                ],
                "accessorKind": "set"
              },
              {
                "kind": "Accessor",
                "name": "Modify",
                "printedName": "Modify()",
                "children": [
                  {
                    "kind": "TypeNominal",
                    "name": "Void",
                    "printedName": "()"
                  }
                ],
                "declKind": "Accessor",
                "usr": "s:4Voip13NetworkClientC11isConnectedSbvM",
                "mangledName": "$s4Voip13NetworkClientC11isConnectedSbvM",
                "moduleName": "Voip",
                "implicit": true,
                "accessorKind": "_modify"
              }
            ]
          },
          {
            "kind": "Function",
            "name": "requestMicrophonePermission",
            "printedName": "requestMicrophonePermission()",
            "children": [
              {
                "kind": "TypeNominal",
                "name": "Bool",
                "printedName": "Swift.Bool",
                "usr": "s:Sb"
              }
            ],
            "declKind": "Func",
            "usr": "c:@M@Voip@objc(cs)NetworkClient(im)requestMicrophonePermission",
            "mangledName": "$s4Voip13NetworkClientC27requestMicrophonePermissionSbyF",
            "moduleName": "Voip",
            "declAttributes": [
              "AccessControl",
              "ObjC"
            ],
            "funcSelfKind": "NonMutating"
          },
          {
            "kind": "Function",
            "name": "connectToServer",
            "printedName": "connectToServer(host:port:ssl:tlsVersion:timeout:)",
            "children": [
              {
                "kind": "TypeNominal",
                "name": "Void",
                "printedName": "()"
              },
              {
                "kind": "TypeNominal",
                "name": "String",
                "printedName": "Swift.String",
                "usr": "s:SS"
              },
              {
                "kind": "TypeNominal",
                "name": "UInt16",
                "printedName": "Swift.UInt16",
                "usr": "s:s6UInt16V"
              },
              {
                "kind": "TypeNominal",
                "name": "Bool",
                "printedName": "Swift.Bool",
                "usr": "s:Sb"
              },
              {
                "kind": "TypeNominal",
                "name": "String",
                "printedName": "Swift.String",
                "usr": "s:SS"
              },
              {
                "kind": "TypeNominal",
                "name": "Int",
                "printedName": "Swift.Int",
                "usr": "s:Si"
              }
            ],
            "declKind": "Func",
            "usr": "c:@M@Voip@objc(cs)NetworkClient(im)connectToServerWithHost:port:ssl:tlsVersion:timeout:",
            "mangledName": "$s4Voip13NetworkClientC15connectToServer4host4port3ssl10tlsVersion7timeoutySS_s6UInt16VSbSSSitF",
            "moduleName": "Voip",
            "objc_name": "connectToServerWithHost:port:ssl:tlsVersion:timeout:",
            "declAttributes": [
              "AccessControl",
              "ObjC"
            ],
            "funcSelfKind": "NonMutating"
          },
          {
            "kind": "Function",
            "name": "sendMessage",
            "printedName": "sendMessage(data:)",
            "children": [
              {
                "kind": "TypeNominal",
                "name": "Void",
                "printedName": "()"
              },
              {
                "kind": "TypeNominal",
                "name": "Data",
                "printedName": "Foundation.Data",
                "usr": "s:10Foundation4DataV"
              }
            ],
            "declKind": "Func",
            "usr": "c:@M@Voip@objc(cs)NetworkClient(im)sendMessageWithData:",
            "mangledName": "$s4Voip13NetworkClientC11sendMessage4datay10Foundation4DataV_tF",
            "moduleName": "Voip",
            "objc_name": "sendMessageWithData:",
            "declAttributes": [
              "AccessControl",
              "ObjC"
            ],
            "funcSelfKind": "NonMutating"
          },
          {
            "kind": "Function",
            "name": "sendClientID",
            "printedName": "sendClientID(string:)",
            "children": [
              {
                "kind": "TypeNominal",
                "name": "Void",
                "printedName": "()"
              },
              {
                "kind": "TypeNominal",
                "name": "String",
                "printedName": "Swift.String",
                "usr": "s:SS"
              }
            ],
            "declKind": "Func",
            "usr": "c:@M@Voip@objc(cs)NetworkClient(im)sendClientIDWithString:",
            "mangledName": "$s4Voip13NetworkClientC04sendC2ID6stringySS_tF",
            "moduleName": "Voip",
            "objc_name": "sendClientIDWithString:",
            "declAttributes": [
              "AccessControl",
              "ObjC"
            ],
            "funcSelfKind": "NonMutating"
          },
          {
            "kind": "Function",
            "name": "disconnect",
            "printedName": "disconnect()",
            "children": [
              {
                "kind": "TypeNominal",
                "name": "Void",
                "printedName": "()"
              }
            ],
            "declKind": "Func",
            "usr": "c:@M@Voip@objc(cs)NetworkClient(im)disconnect",
            "mangledName": "$s4Voip13NetworkClientC10disconnectyyF",
            "moduleName": "Voip",
            "declAttributes": [
              "AccessControl",
              "ObjC"
            ],
            "funcSelfKind": "NonMutating"
          },
          {
            "kind": "Constructor",
            "name": "init",
            "printedName": "init()",
            "children": [
              {
                "kind": "TypeNominal",
                "name": "NetworkClient",
                "printedName": "Voip.NetworkClient",
                "usr": "c:@M@Voip@objc(cs)NetworkClient"
              }
            ],
            "declKind": "Constructor",
            "usr": "c:@M@Voip@objc(cs)NetworkClient(im)init",
            "mangledName": "$s4Voip13NetworkClientCACycfc",
            "moduleName": "Voip",
            "overriding": true,
            "implicit": true,
            "objc_name": "init",
            "declAttributes": [
              "Dynamic",
              "ObjC",
              "Override"
            ],
            "init_kind": "Designated"
          }
        ],
        "declKind": "Class",
        "usr": "c:@M@Voip@objc(cs)NetworkClient",
        "mangledName": "$s4Voip13NetworkClientC",
        "moduleName": "Voip",
        "declAttributes": [
          "AccessControl",
          "ObjC"
        ],
        "superclassUsr": "c:objc(cs)NSObject",
        "inheritsConvenienceInitializers": true,
        "superclassNames": [
          "ObjectiveC.NSObject"
        ],
        "conformances": [
          {
            "kind": "Conformance",
            "name": "Sendable",
            "printedName": "Sendable",
            "usr": "s:s8SendableP",
            "mangledName": "$ss8SendableP"
          },
          {
            "kind": "Conformance",
            "name": "Copyable",
            "printedName": "Copyable",
            "usr": "s:s8CopyableP",
            "mangledName": "$ss8CopyableP"
          },
          {
            "kind": "Conformance",
            "name": "Escapable",
            "printedName": "Escapable",
            "usr": "s:s9EscapableP",
            "mangledName": "$ss9EscapableP"
          },
          {
            "kind": "Conformance",
            "name": "Equatable",
            "printedName": "Equatable",
            "usr": "s:SQ",
            "mangledName": "$sSQ"
          },
          {
            "kind": "Conformance",
            "name": "Hashable",
            "printedName": "Hashable",
            "usr": "s:SH",
            "mangledName": "$sSH"
          },
          {
            "kind": "Conformance",
            "name": "CVarArg",
            "printedName": "CVarArg",
            "usr": "s:s7CVarArgP",
            "mangledName": "$ss7CVarArgP"
          },
          {
            "kind": "Conformance",
            "name": "_KeyValueCodingAndObservingPublishing",
            "printedName": "_KeyValueCodingAndObservingPublishing",
            "usr": "s:10Foundation37_KeyValueCodingAndObservingPublishingP",
            "mangledName": "$s10Foundation37_KeyValueCodingAndObservingPublishingP"
          },
          {
            "kind": "Conformance",
            "name": "_KeyValueCodingAndObserving",
            "printedName": "_KeyValueCodingAndObserving",
            "usr": "s:10Foundation27_KeyValueCodingAndObservingP",
            "mangledName": "$s10Foundation27_KeyValueCodingAndObservingP"
          },
          {
            "kind": "Conformance",
            "name": "CustomStringConvertible",
            "printedName": "CustomStringConvertible",
            "usr": "s:s23CustomStringConvertibleP",
            "mangledName": "$ss23CustomStringConvertibleP"
          },
          {
            "kind": "Conformance",
            "name": "CustomDebugStringConvertible",
            "printedName": "CustomDebugStringConvertible",
            "usr": "s:s28CustomDebugStringConvertibleP",
            "mangledName": "$ss28CustomDebugStringConvertibleP"
          }
        ]
      }
    ],
    "json_format_version": 8
  },
  "ConstValues": [
    {
      "filePath": "\/Users\/admin\/Documents\/XCode\/Voip\/Voip\/Voip.swift",
      "kind": "BooleanLiteral",
      "offset": 261,
      "length": 5,
      "value": "false"
    }
  ]
}